,parental level of education,lunch,test preparation course,math score,reading score,writing score,female,male,group A,group B,group C,group D,group E
0,5,1,0,72,72,74.0,True,False,False,True,False,False,False
1,3,1,1,69,90,88.0,True,False,False,False,True,False,False
2,6,1,0,90,95,93.0,True,False,False,True,False,False,False
3,4,0,0,47,57,44.0,False,True,True,False,False,False,False
4,3,1,0,76,78,75.0,False,True,False,False,True,False,False
5,4,1,0,71,83,78.0,True,False,False,True,False,False,False
6,3,1,1,88,95,92.0,True,False,False,True,False,False,False
7,3,0,0,40,43,39.0,False,True,False,True,False,False,False
8,2,0,1,64,64,67.0,False,True,False,False,False,True,False
9,2,0,0,38,60,50.0,True,False,False,True,False,False,False
10,4,1,0,58,54,52.0,False,True,False,False,True,False,False
11,4,1,0,40,52,43.0,False,True,False,False,False,True,False
12,2,1,0,65,81,73.0,True,False,False,True,False,False,False
13,3,1,1,78,72,70.0,False,True,True,False,False,False,False
14,6,1,0,50,53,58.0,True,False,True,False,False,False,False
15,1,1,0,69,75,78.0,True,False,False,False,True,False,False
16,2,1,0,88,89,86.0,False,True,False,False,True,False,False
17,1,0,0,18,32,28.0,True,False,False,True,False,False,False
18,6,0,1,46,42,46.0,False,True,False,False,True,False,False
19,4,0,0,54,58,61.0,True,False,False,False,True,False,False
20,2,1,0,66,69,63.0,False,True,False,False,False,True,False
21,3,0,1,65,75,70.0,True,False,False,True,False,False,False
22,3,1,0,44,54,53.0,False,True,False,False,False,True,False
23,1,1,0,69,73,73.0,True,False,False,False,True,False,False
24,5,0,1,74,71,80.0,False,True,False,False,False,True,False
25,6,0,0,73,74,72.0,False,True,True,False,False,False,False
26,3,1,0,69,54,55.0,False,True,False,True,False,False,False
27,5,1,0,67,69,75.0,True,False,False,False,True,False,False
28,2,1,0,70,70,65.0,False,True,False,False,True,False,False
29,6,1,0,62,70,75.0,True,False,False,False,False,True,False
30,3,1,0,69,74,74.0,True,False,False,False,False,True,False
31,3,1,0,63,65,61.0,True,False,False,True,False,False,False
32,6,0,0,56,72,65.0,True,False,False,False,False,False,True
33,3,1,0,40,42,38.0,False,True,False,False,False,True,False
34,3,1,0,97,87,82.0,False,True,False,False,False,False,True
35,4,1,1,81,81,79.0,False,True,False,False,False,False,True
36,4,1,0,74,81,83.0,True,False,False,False,False,True,False
37,1,0,0,50,64,59.0,True,False,False,False,False,True,False
38,4,0,1,75,90,88.0,True,False,False,False,False,True,False
39,4,0,0,57,56,57.0,False,True,False,True,False,False,False
40,4,0,0,55,61,54.0,False,True,False,False,True,False,False
41,4,1,0,58,73,68.0,True,False,False,False,True,False,False
42,4,1,0,53,58,65.0,True,False,False,True,False,False,False
43,3,0,1,59,65,66.0,False,True,False,True,False,False,False
44,4,0,0,50,56,54.0,True,False,False,False,False,False,True
45,4,1,0,65,54,57.0,False,True,False,True,False,False,False
46,4,1,1,55,65,62.0,True,False,True,False,False,False,False
47,2,1,0,66,71,76.0,True,False,False,False,True,False,False
48,4,0,1,57,74,76.0,True,False,False,False,False,True,False
49,2,1,1,82,84,82.0,False,True,False,False,True,False,False
50,3,1,0,53,55,48.0,False,True,False,False,False,False,True
51,4,0,1,77,69,68.0,False,True,False,False,False,False,True
52,3,1,0,53,44,42.0,False,True,False,False,True,False,False
53,2,1,0,88,78,75.0,False,True,False,False,False,True,False
54,1,0,1,71,84,87.0,True,False,False,False,True,False,False
55,2,0,0,33,41,43.0,True,False,False,False,True,False,False
56,4,1,1,82,85,86.0,True,False,False,False,False,False,True
57,4,1,0,52,55,49.0,False,True,False,False,False,True,False
58,3,1,1,58,59,58.0,False,True,False,False,False,True,False
59,1,0,0,0,17,10.0,True,False,False,False,True,False,False
60,5,0,1,79,74,72.0,False,True,False,False,False,False,True
61,1,0,0,39,39,34.0,False,True,True,False,False,False,False
62,4,0,0,62,61,55.0,False,True,True,False,False,False,False
63,4,1,0,69,80,71.0,True,False,False,False,True,False,False
64,1,1,0,59,58,59.0,True,False,False,False,False,True,False
65,1,1,0,67,64,61.0,False,True,False,True,False,False,False
66,1,0,0,45,37,37.0,False,True,False,False,False,True,False
67,3,1,0,60,72,74.0,True,False,False,False,True,False,False
68,4,0,0,61,58,56.0,False,True,False,True,False,False,False
69,4,1,0,39,64,57.0,True,False,False,False,True,False,False
70,2,0,0,38,60,50.0,True,False,False,True,False,False,False
71,3,0,1,58,63,73.0,True,False,False,False,False,True,False
72,3,1,1,63,55,63.0,False,True,False,False,False,True,False
73,4,0,0,41,51,48.0,True,False,True,False,False,False,False
74,1,0,0,61,57,56.0,False,True,False,False,True,False,False
75,1,1,0,49,49,41.0,False,True,False,False,True,False,False
76,4,0,0,44,41,38.0,False,True,False,True,False,False,False
77,1,1,0,30,26,22.0,False,True,False,False,False,False,True
78,5,1,1,80,78,81.0,False,True,True,False,False,False,False
79,1,1,1,61,74,72.0,True,False,False,False,False,True,False
80,6,1,0,62,68,68.0,True,False,False,False,False,False,True
81,4,1,0,47,49,50.0,True,False,False,True,False,False,False
82,2,0,0,49,45,45.0,False,True,False,True,False,False,False
83,3,0,1,50,47,54.0,False,True,True,False,False,False,False
84,4,1,0,72,64,63.0,False,True,False,False,False,False,True
85,2,0,0,42,39,34.0,False,True,False,False,False,True,False
86,3,1,0,73,80,82.0,True,False,False,False,True,False,False
87,3,0,0,76,83,88.0,True,False,False,False,True,False,False
88,4,1,0,71,71,74.0,True,False,False,False,False,True,False
89,3,1,0,58,70,67.0,True,False,True,False,False,False,False
90,1,1,0,73,86,82.0,True,False,False,False,False,True,False
91,5,1,0,65,72,74.0,True,False,False,False,True,False,False
92,2,0,0,27,34,36.0,False,True,False,False,True,False,False
93,2,1,0,71,79,71.0,False,True,False,False,True,False,False
94,4,0,1,43,45,50.0,False,True,False,False,True,False,False
95,3,1,0,79,86,92.0,True,False,False,True,False,False,False
96,4,0,1,78,81,82.0,False,True,False,False,True,False,False
97,1,1,1,65,66,62.0,False,True,False,True,False,False,False
98,3,1,1,63,72,70.0,True,False,False,False,False,False,True
99,3,0,0,58,67,62.0,True,False,False,False,False,True,False
100,5,1,0,65,67,62.0,True,False,False,False,False,True,False
101,3,1,0,79,67,67.0,False,True,False,True,False,False,False
102,5,1,1,68,74,74.0,False,True,False,False,False,True,False
103,4,1,0,85,91,89.0,True,False,False,False,False,True,False
104,2,1,1,60,44,47.0,False,True,False,True,False,False,False
105,3,1,1,98,86,90.0,False,True,False,False,True,False,False
106,3,1,0,58,67,72.0,True,False,False,False,True,False,False
107,6,1,0,87,100,100.0,True,False,False,False,False,True,False
108,4,1,1,66,63,64.0,False,True,False,False,False,False,True
109,4,0,0,52,76,70.0,True,False,False,True,False,False,False
110,1,1,0,70,64,72.0,True,False,False,True,False,False,False
111,4,0,1,77,89,98.0,True,False,False,False,False,True,False
112,2,1,0,62,55,49.0,False,True,False,False,True,False,False
113,4,1,0,54,53,47.0,False,True,True,False,False,False,False
114,3,1,0,51,58,54.0,True,False,False,False,False,True,False
115,5,1,1,99,100,100.0,True,False,False,False,False,False,True
116,2,1,0,84,77,74.0,False,True,False,False,True,False,False
117,5,0,0,75,85,82.0,True,False,False,True,False,False,False
118,5,1,0,78,82,79.0,True,False,False,False,False,True,False
119,1,1,0,51,63,61.0,True,False,False,False,False,True,False
120,3,1,0,55,69,65.0,True,False,False,False,True,False,False
121,5,1,1,79,92,89.0,True,False,False,False,True,False,False
122,4,1,1,91,89,92.0,False,True,False,True,False,False,False
123,3,1,1,88,93,93.0,True,False,False,False,True,False,False
124,2,0,0,63,57,56.0,False,True,False,False,False,True,False
125,3,1,0,83,80,73.0,False,True,False,False,False,False,True
126,2,1,0,87,95,86.0,True,False,False,True,False,False,False
127,1,1,0,72,68,67.0,False,True,False,True,False,False,False
128,3,1,1,65,77,74.0,False,True,False,False,False,True,False
129,6,1,0,82,82,74.0,False,True,False,False,False,True,False
130,5,1,0,51,49,51.0,True,False,True,False,False,False,False
131,6,1,0,89,84,82.0,False,True,False,False,False,True,False
132,1,0,1,53,37,40.0,False,True,False,False,True,False,False
133,3,0,1,87,74,70.0,False,True,False,False,False,False,True
134,3,1,1,75,81,84.0,True,False,False,False,True,False,False
135,5,0,1,74,79,75.0,False,True,False,False,False,True,False
136,5,1,0,58,55,48.0,False,True,False,False,True,False,False
137,1,1,1,51,54,41.0,False,True,False,True,False,False,False
138,2,1,0,70,55,56.0,False,True,False,False,False,False,True
139,4,1,0,59,66,67.0,True,False,False,False,True,False,False
140,3,1,1,71,61,69.0,False,True,False,False,False,True,False
141,1,1,0,76,72,71.0,True,False,False,False,False,True,False
142,3,0,0,59,62,64.0,True,False,False,False,True,False,False
143,3,0,1,42,55,54.0,True,False,False,False,False,False,True
144,2,1,0,57,43,47.0,False,True,True,False,False,False,False
145,3,1,0,88,73,78.0,False,True,False,False,False,True,False
146,3,0,0,22,39,33.0,True,False,False,False,True,False,False
147,1,1,0,88,84,75.0,False,True,False,True,False,False,False
148,4,0,0,73,68,66.0,False,True,False,False,True,False,False
149,5,1,1,68,75,81.0,True,False,False,False,False,True,False
150,4,0,1,100,100,93.0,False,True,False,False,False,False,True
151,1,1,1,62,67,69.0,False,True,True,False,False,False,False
152,5,1,0,77,67,68.0,False,True,True,False,False,False,False
153,4,1,1,59,70,66.0,True,False,False,True,False,False,False
154,5,1,0,54,49,47.0,False,True,False,False,False,True,False
155,1,1,0,62,67,61.0,False,True,False,False,False,True,False
156,3,1,1,70,89,88.0,True,False,False,False,True,False,False
157,2,0,1,66,74,78.0,True,False,False,False,False,False,True
158,3,0,0,60,60,60.0,False,True,False,True,False,False,False
159,4,1,1,61,86,87.0,True,False,False,True,False,False,False
160,4,0,0,66,62,64.0,False,True,False,False,False,True,False
161,4,0,1,82,78,74.0,False,True,False,True,False,False,False
162,3,0,1,75,88,85.0,True,False,False,False,False,False,True
163,6,0,0,49,53,52.0,False,True,False,True,False,False,False
164,2,1,0,52,53,49.0,False,True,False,False,True,False,False
165,6,1,0,81,92,91.0,True,False,False,False,False,False,True
166,5,1,1,96,100,100.0,True,False,False,False,True,False,False
167,2,0,1,53,51,51.0,False,True,False,False,True,False,False
168,6,0,1,58,76,78.0,True,False,False,True,False,False,False
169,2,1,1,68,83,78.0,True,False,False,True,False,False,False
170,3,0,1,67,75,70.0,True,False,False,False,True,False,False
171,2,1,1,72,73,74.0,False,True,True,False,False,False,False
172,1,1,0,94,88,78.0,False,True,False,False,False,False,True
173,3,1,0,79,86,81.0,True,False,False,False,False,True,False
174,4,1,0,63,67,70.0,True,False,False,False,True,False,False
175,5,0,1,43,51,54.0,True,False,False,False,True,False,False
176,6,1,1,81,91,87.0,True,False,False,False,True,False,False
177,2,0,1,46,54,58.0,True,False,False,True,False,False,False
178,4,1,1,71,77,77.0,True,False,False,False,True,False,False
179,6,0,1,52,70,62.0,True,False,False,True,False,False,False
180,1,1,1,97,100,100.0,True,False,False,False,False,True,False
181,6,0,1,62,68,75.0,False,True,False,False,True,False,False
182,3,0,0,46,64,66.0,True,False,False,False,True,False,False
183,2,1,0,50,50,47.0,True,False,False,False,False,False,True
184,4,1,0,65,69,70.0,True,False,False,False,False,True,False
185,1,0,1,45,52,49.0,False,True,False,False,True,False,False
186,4,0,1,65,67,65.0,False,True,False,False,True,False,False
187,2,1,0,80,76,65.0,False,True,False,False,False,False,True
188,1,1,1,62,66,68.0,False,True,False,False,False,True,False
189,1,0,0,48,52,45.0,False,True,False,True,False,False,False
190,5,1,0,77,88,87.0,True,False,False,False,True,False,False
191,4,1,0,66,65,69.0,True,False,False,False,False,False,True
192,3,1,1,76,83,79.0,False,True,False,False,False,True,False
193,1,1,0,62,64,66.0,True,False,False,True,False,False,False
194,3,1,1,77,62,62.0,False,True,False,False,False,True,False
195,6,1,1,69,84,85.0,True,False,False,False,True,False,False
196,4,1,0,61,55,52.0,False,True,False,False,False,True,False
197,1,0,1,59,69,65.0,False,True,False,False,True,False,False
198,2,0,0,55,56,51.0,False,True,False,False,False,False,True
199,3,0,0,45,53,55.0,True,False,False,True,False,False,False
200,5,0,0,78,79,76.0,True,False,False,True,False,False,False
201,4,1,1,67,84,86.0,True,False,False,False,True,False,False
202,3,0,0,65,81,77.0,True,False,False,False,False,True,False
203,4,1,0,69,77,69.0,False,True,False,False,True,False,False
204,4,1,0,57,69,68.0,True,False,False,True,False,False,False
205,3,1,0,59,41,42.0,False,True,False,False,True,False,False
206,1,1,1,74,71,78.0,False,True,False,False,False,True,False
207,5,1,0,82,62,62.0,False,True,False,False,False,False,True
208,2,1,1,81,80,76.0,False,True,False,False,False,False,True
209,3,0,0,74,81,76.0,True,False,False,True,False,False,False
210,3,0,0,58,61,66.0,True,False,False,True,False,False,False
211,1,0,1,80,79,79.0,False,True,False,False,False,True,False
212,3,0,0,35,28,27.0,False,True,False,False,True,False,False
213,2,0,0,42,62,60.0,True,False,False,False,True,False,False
214,4,0,1,60,51,56.0,False,True,False,False,True,False,False
215,2,1,1,87,91,81.0,False,True,False,False,False,False,True
216,1,1,1,84,83,75.0,False,True,False,True,False,False,False
217,4,0,1,83,86,88.0,True,False,False,False,False,False,True
218,2,0,0,34,42,39.0,True,False,False,False,True,False,False
219,2,0,0,66,77,70.0,False,True,False,True,False,False,False
220,1,1,1,61,56,56.0,False,True,False,True,False,False,False
221,2,1,1,56,68,74.0,True,False,False,False,False,True,False
222,4,1,0,87,85,73.0,False,True,False,True,False,False,False
223,1,0,0,55,65,62.0,True,False,False,False,True,False,False
224,1,1,0,86,80,75.0,False,True,False,False,False,True,False
225,4,1,1,52,66,73.0,True,False,False,True,False,False,False
226,6,0,0,45,56,54.0,True,False,False,False,False,False,True
227,3,1,0,72,72,71.0,True,False,False,False,True,False,False
228,2,1,0,57,50,54.0,False,True,False,False,False,True,False
229,1,0,0,68,72,64.0,False,True,True,False,False,False,False
230,3,1,1,88,95,94.0,True,False,False,False,True,False,False
231,3,1,0,76,64,66.0,False,True,False,False,False,True,False
232,4,1,0,46,43,42.0,False,True,False,False,True,False,False
233,5,1,0,67,86,83.0,True,False,False,True,False,False,False
234,1,1,0,92,87,78.0,False,True,False,False,False,False,True
235,5,1,1,83,82,84.0,False,True,False,False,True,False,False
236,4,1,0,80,75,77.0,False,True,False,False,False,True,False
237,5,0,0,63,66,67.0,False,True,False,False,False,True,False
238,1,1,1,64,60,74.0,True,False,False,False,False,True,False
239,3,1,0,54,52,51.0,False,True,False,True,False,False,False
240,4,1,0,84,80,80.0,False,True,False,False,True,False,False
241,2,0,1,73,68,66.0,False,True,False,False,False,True,False
242,5,1,0,80,83,83.0,True,False,False,False,False,False,True
243,2,1,0,56,52,55.0,True,False,False,False,False,True,False
244,3,1,0,59,51,43.0,False,True,False,False,False,False,True
245,1,1,0,75,74,69.0,False,True,False,False,False,True,False
246,4,1,0,85,76,71.0,False,True,False,False,True,False,False
247,4,1,0,89,76,74.0,False,True,False,False,False,False,True
248,2,1,1,58,70,68.0,True,False,False,True,False,False,False
249,2,1,0,65,64,62.0,True,False,False,True,False,False,False
250,2,1,0,68,60,53.0,False,True,False,False,True,False,False
251,1,1,1,47,49,49.0,False,True,True,False,False,False,False
252,3,0,0,71,83,83.0,True,False,False,False,False,True,False
253,1,1,1,60,70,70.0,True,False,False,True,False,False,False
254,6,1,0,80,80,72.0,False,True,False,False,False,True,False
255,2,1,0,54,52,52.0,False,True,False,False,False,True,False
256,3,1,0,62,73,70.0,True,False,False,False,False,False,True
257,4,0,0,64,73,68.0,True,False,False,False,True,False,False
258,4,1,1,78,77,77.0,False,True,False,False,True,False,False
259,3,1,0,70,75,78.0,True,False,False,True,False,False,False
260,6,0,1,65,81,81.0,True,False,False,False,True,False,False
261,1,0,1,64,79,77.0,True,False,False,False,True,False,False
262,3,1,1,79,79,78.0,False,True,False,False,True,False,False
263,1,0,0,44,50,51.0,True,False,False,False,True,False,False
264,2,1,0,99,93,90.0,True,False,False,False,False,False,True
265,2,1,0,76,73,68.0,False,True,False,False,False,True,False
266,1,0,0,59,42,41.0,False,True,False,False,False,True,False
267,5,1,0,63,75,81.0,True,False,False,False,True,False,False
268,2,1,0,69,72,77.0,True,False,False,False,False,True,False
269,4,1,1,88,92,95.0,True,False,False,False,False,True,False
270,3,0,0,71,76,70.0,True,False,False,False,False,False,True
271,5,1,0,69,63,61.0,False,True,False,False,True,False,False
272,3,1,0,58,49,42.0,False,True,False,False,True,False,False
273,4,0,0,47,53,58.0,True,False,False,False,False,True,False
274,3,1,0,65,70,71.0,True,False,False,False,False,True,False
275,3,1,1,88,85,76.0,False,True,False,True,False,False,False
276,5,1,0,83,78,73.0,False,True,False,False,True,False,False
277,1,1,1,85,92,93.0,True,False,False,False,True,False,False
278,2,1,1,59,63,75.0,True,False,False,False,False,False,True
279,1,0,0,65,86,80.0,True,False,False,False,True,False,False
280,5,0,0,73,56,57.0,False,True,False,True,False,False,False
281,2,1,0,53,52,42.0,False,True,False,False,False,True,False
282,2,1,0,45,48,46.0,False,True,False,False,False,True,False
283,5,0,0,73,79,84.0,True,False,False,False,False,True,False
284,3,0,1,70,78,78.0,True,False,False,False,False,True,False
285,1,1,0,37,46,46.0,True,False,False,True,False,False,False
286,4,1,1,81,82,82.0,False,True,False,True,False,False,False
287,4,1,1,97,82,88.0,False,True,False,False,False,False,True
288,1,1,0,67,89,82.0,True,False,False,True,False,False,False
289,5,0,0,88,75,76.0,False,True,False,True,False,False,False
290,1,1,1,77,76,77.0,False,True,False,False,False,False,True
291,4,1,0,76,70,68.0,False,True,False,False,True,False,False
292,1,1,0,86,73,70.0,False,True,False,False,False,True,False
293,1,1,1,63,60,57.0,False,True,False,False,True,False,False
294,5,1,0,65,73,75.0,True,False,False,False,False,False,True
295,2,0,1,78,77,80.0,False,True,False,False,False,True,False
296,4,0,0,67,62,60.0,False,True,False,True,False,False,False
297,1,1,1,46,41,43.0,False,True,True,False,False,False,False
298,4,1,1,71,74,68.0,False,True,False,False,False,False,True
299,2,0,1,40,46,50.0,False,True,False,False,True,False,False
300,4,0,0,90,87,75.0,False,True,False,False,False,True,False
301,3,0,1,81,78,81.0,False,True,True,False,False,False,False
302,1,0,0,56,54,52.0,False,True,False,False,False,True,False
303,4,1,1,67,84,81.0,True,False,False,False,True,False,False
304,4,1,0,80,76,64.0,False,True,False,True,False,False,False
305,4,1,1,74,75,83.0,True,False,False,False,True,False,False
306,3,1,0,69,67,69.0,False,True,True,False,False,False,False
307,3,1,1,99,87,81.0,False,True,False,False,False,False,True
308,1,1,0,51,52,44.0,False,True,False,False,True,False,False
309,4,0,0,53,71,67.0,True,False,False,True,False,False,False
310,2,0,0,49,57,52.0,True,False,False,False,False,True,False
311,4,1,0,73,76,80.0,True,False,False,True,False,False,False
312,5,1,0,66,60,57.0,False,True,False,True,False,False,False
313,5,1,1,67,61,68.0,False,True,False,False,False,True,False
314,4,0,1,68,67,69.0,True,False,False,False,True,False,False
315,5,1,1,59,64,75.0,True,False,False,False,True,False,False
316,2,1,0,71,66,65.0,False,True,False,False,True,False,False
317,6,1,1,77,82,91.0,True,False,False,False,False,True,False
318,4,1,0,83,72,78.0,False,True,False,False,True,False,False
319,5,1,0,63,71,69.0,False,True,False,True,False,False,False
320,4,0,0,56,65,63.0,True,False,False,False,False,True,False
321,2,0,1,67,79,84.0,True,False,False,False,True,False,False
322,2,1,0,75,86,79.0,True,False,False,False,False,False,True
323,3,1,0,71,81,80.0,True,False,False,False,True,False,False
324,1,0,0,43,53,53.0,True,False,False,False,True,False,False
325,2,0,0,41,46,43.0,True,False,False,False,True,False,False
326,3,1,0,82,90,94.0,True,False,False,False,True,False,False
327,3,1,0,61,61,62.0,False,True,False,False,True,False,False
328,3,0,0,28,23,19.0,False,True,True,False,False,False,False
329,4,1,1,82,75,77.0,False,True,False,False,True,False,False
330,1,1,0,41,55,51.0,True,False,False,True,False,False,False
331,2,1,0,71,60,61.0,False,True,False,False,True,False,False
332,4,1,0,47,37,35.0,False,True,False,False,True,False,False
333,4,1,1,62,56,53.0,False,True,False,False,False,False,True
334,4,1,0,90,78,81.0,False,True,False,True,False,False,False
335,5,1,0,83,93,95.0,True,False,False,False,True,False,False
336,3,0,0,61,68,66.0,True,False,False,True,False,False,False
337,1,1,1,76,70,69.0,False,True,False,False,False,True,False
338,4,1,0,49,51,43.0,False,True,False,False,True,False,False
339,1,0,0,24,38,27.0,True,False,False,True,False,False,False
340,1,0,1,35,55,60.0,True,False,False,False,False,True,False
341,2,0,0,58,61,52.0,False,True,False,False,True,False,False
342,2,1,0,61,73,63.0,True,False,False,False,True,False,False
343,2,1,1,69,76,74.0,True,False,False,True,False,False,False
344,4,1,1,67,72,67.0,False,True,False,False,False,True,False
345,3,1,0,79,73,67.0,False,True,False,False,False,True,False
346,2,1,0,72,80,75.0,True,False,False,False,True,False,False
347,3,1,0,62,61,57.0,False,True,False,True,False,False,False
348,5,1,1,77,94,95.0,True,False,False,False,True,False,False
349,2,0,0,75,74,66.0,False,True,False,False,False,True,False
350,4,1,0,87,74,76.0,False,True,False,False,False,False,True
351,5,1,0,52,65,69.0,True,False,False,True,False,False,False
352,3,1,0,66,57,52.0,False,True,False,False,False,False,True
353,3,1,1,63,78,80.0,True,False,False,False,True,False,False
354,4,1,0,46,58,57.0,True,False,False,False,True,False,False
355,3,1,0,59,71,70.0,True,False,False,False,True,False,False
356,5,1,0,61,72,70.0,True,False,False,True,False,False,False
357,4,1,0,63,61,61.0,False,True,True,False,False,False,False
358,3,0,1,42,66,69.0,True,False,False,False,True,False,False
359,3,0,0,59,62,61.0,False,True,False,False,False,True,False
360,3,1,0,80,90,89.0,True,False,False,False,False,True,False
361,2,1,0,58,62,59.0,True,False,False,True,False,False,False
362,1,1,1,85,84,78.0,False,True,False,True,False,False,False
363,3,1,0,52,58,58.0,True,False,False,False,True,False,False
364,1,0,0,27,34,32.0,True,False,False,False,False,True,False
365,3,1,0,59,60,58.0,False,True,False,False,True,False,False
366,5,0,1,49,58,60.0,False,True,True,False,False,False,False
367,2,1,1,69,58,53.0,False,True,False,False,True,False,False
368,5,0,0,61,66,61.0,False,True,False,False,True,False,False
369,1,0,0,44,64,58.0,True,False,True,False,False,False,False
370,1,1,0,73,84,85.0,True,False,False,False,False,True,False
371,3,1,0,84,77,71.0,False,True,False,False,False,False,True
372,3,0,1,45,73,70.0,True,False,False,False,True,False,False
373,1,1,0,74,74,72.0,False,True,False,False,False,True,False
374,3,1,1,82,97,96.0,True,False,False,False,False,True,False
375,5,1,0,59,70,73.0,True,False,False,False,False,True,False
376,4,0,0,46,43,41.0,False,True,False,False,False,False,True
377,1,1,0,80,90,82.0,True,False,False,False,False,True,False
378,6,0,1,85,95,100.0,True,False,False,False,False,True,False
379,1,1,0,71,83,77.0,True,False,True,False,False,False,False
380,5,1,0,66,64,62.0,False,True,True,False,False,False,False
381,4,1,0,80,86,83.0,True,False,False,True,False,False,False
382,4,1,1,87,100,95.0,False,True,False,False,True,False,False
383,6,0,0,79,81,71.0,False,True,False,False,True,False,False
384,1,0,0,38,49,45.0,True,False,False,False,False,False,True
385,1,0,0,38,43,43.0,True,False,True,False,False,False,False
386,3,1,0,67,76,75.0,True,False,False,False,False,False,True
387,5,1,0,64,73,70.0,True,False,False,False,False,False,True
388,4,0,0,57,78,67.0,True,False,False,False,True,False,False
389,2,1,0,62,64,64.0,True,False,False,False,False,True,False
390,6,1,0,73,70,75.0,False,True,False,False,False,True,False
391,1,0,1,73,67,59.0,False,True,False,False,False,False,True
392,3,1,0,77,68,77.0,True,False,False,False,False,True,False
393,3,1,0,76,67,67.0,False,True,False,False,False,False,True
394,4,1,1,57,54,56.0,False,True,False,False,True,False,False
395,1,1,1,65,74,77.0,True,False,False,False,True,False,False
396,2,0,0,48,45,41.0,False,True,True,False,False,False,False
397,2,0,0,50,67,63.0,True,False,False,True,False,False,False
398,4,1,0,85,89,95.0,True,False,False,False,True,False,False
399,1,1,0,74,63,57.0,False,True,False,True,False,False,False
400,1,1,0,60,59,54.0,False,True,False,False,False,True,False
401,1,1,1,59,54,67.0,True,False,False,False,True,False,False
402,3,1,0,53,43,43.0,False,True,True,False,False,False,False
403,3,0,0,49,65,55.0,True,False,True,False,False,False,False
404,2,1,1,88,99,100.0,True,False,False,False,False,True,False
405,2,1,0,54,59,62.0,True,False,False,False,True,False,False
406,1,1,0,63,73,68.0,True,False,False,False,True,False,False
407,4,1,1,65,65,63.0,False,True,False,True,False,False,False
408,4,1,0,82,80,77.0,True,False,False,True,False,False,False
409,2,0,1,52,57,56.0,True,False,False,False,False,True,False
410,4,1,1,87,84,85.0,False,True,False,False,False,True,False
411,6,1,1,70,71,74.0,True,False,False,False,False,True,False
412,3,1,1,84,83,78.0,False,True,False,False,False,False,True
413,4,1,0,71,66,60.0,False,True,False,False,False,True,False
414,1,1,1,63,67,67.0,False,True,False,True,False,False,False
415,5,0,1,51,72,79.0,True,False,False,False,True,False,False
416,2,1,0,84,73,69.0,False,True,False,False,False,False,True
417,5,1,1,71,74,68.0,False,True,False,False,True,False,False
418,4,1,0,74,73,67.0,False,True,False,False,True,False,False
419,3,1,0,68,59,62.0,False,True,False,False,False,True,False
420,2,0,1,57,56,54.0,False,True,False,False,False,False,True
421,4,0,1,82,93,93.0,True,False,False,False,True,False,False
422,2,1,1,57,58,64.0,True,False,False,False,False,True,False
423,6,0,1,47,58,67.0,True,False,False,False,False,True,False
424,1,1,1,59,85,80.0,True,False,True,False,False,False,False
425,3,0,0,41,39,34.0,False,True,False,True,False,False,False
426,3,0,0,62,67,62.0,True,False,False,False,True,False,False
427,5,1,0,86,83,86.0,False,True,False,False,True,False,False
428,1,0,0,69,71,65.0,False,True,False,False,True,False,False
429,1,0,0,65,59,53.0,False,True,True,False,False,False,False
430,1,0,0,68,63,54.0,False,True,False,False,True,False,False
431,4,0,0,64,66,59.0,False,True,False,False,True,False,False
432,2,1,0,61,72,70.0,True,False,False,False,True,False,False
433,2,1,0,61,56,55.0,False,True,False,False,True,False,False
434,1,0,0,47,59,50.0,True,False,True,False,False,False,False
435,1,1,0,73,66,66.0,False,True,False,False,True,False,False
436,3,0,1,50,48,53.0,False,True,False,False,True,False,False
437,4,1,0,75,68,64.0,False,True,False,False,False,True,False
438,4,0,0,75,66,73.0,False,True,False,False,False,True,False
439,2,1,0,70,56,51.0,False,True,False,False,True,False,False
440,1,1,1,89,88,82.0,False,True,False,False,False,True,False
441,3,1,1,67,81,79.0,True,False,False,False,True,False,False
442,2,1,0,78,81,80.0,True,False,False,False,False,True,False
443,1,0,0,59,73,69.0,True,False,True,False,False,False,False
444,4,1,0,73,83,76.0,True,False,False,True,False,False,False
445,1,0,0,79,82,73.0,False,True,True,False,False,False,False
446,1,1,1,67,74,77.0,True,False,False,False,True,False,False
447,3,0,0,69,66,60.0,False,True,False,False,False,True,False
448,2,1,1,86,81,80.0,False,True,False,False,True,False,False
449,2,1,0,47,46,42.0,False,True,False,True,False,False,False
450,4,1,0,81,73,72.0,False,True,False,True,False,False,False
451,3,0,1,64,85,85.0,True,False,False,False,True,False,False
452,3,1,0,100,92,97.0,True,False,False,False,False,False,True
453,4,0,0,65,77,74.0,True,False,False,False,True,False,False
454,3,0,0,65,58,49.0,False,True,False,False,True,False,False
455,4,0,0,53,61,62.0,True,False,False,False,True,False,False
456,5,0,0,37,56,47.0,False,True,False,False,True,False,False
457,5,1,0,79,89,89.0,True,False,False,False,False,True,False
458,4,0,0,53,54,48.0,False,True,False,False,False,True,False
459,5,1,0,100,100,100.0,True,False,False,False,False,False,True
460,2,1,1,72,65,68.0,False,True,False,True,False,False,False
461,5,0,0,53,58,55.0,False,True,False,False,True,False,False
462,3,0,0,54,54,45.0,False,True,False,True,False,False,False
463,3,1,0,71,70,76.0,True,False,False,False,False,False,True
464,3,0,0,77,90,91.0,True,False,False,False,True,False,False
465,5,1,1,75,58,62.0,False,True,True,False,False,False,False
466,3,1,0,84,87,91.0,True,False,False,False,True,False,False
467,4,0,0,26,31,38.0,True,False,False,False,False,True,False
468,2,0,1,72,67,65.0,False,True,True,False,False,False,False
469,2,0,1,77,88,85.0,True,False,True,False,False,False,False
470,3,1,0,91,74,76.0,False,True,False,False,True,False,False
471,4,1,1,83,85,90.0,True,False,False,False,True,False,False
472,2,1,0,63,69,74.0,True,False,False,False,True,False,False
473,4,1,1,68,86,84.0,True,False,False,False,True,False,False
474,1,1,0,59,67,61.0,True,False,False,False,False,True,False
475,4,1,1,90,90,91.0,True,False,False,True,False,False,False
476,5,1,1,71,76,83.0,True,False,False,False,False,True,False
477,5,1,1,76,62,66.0,False,True,False,False,False,False,True
478,4,1,0,80,68,72.0,False,True,False,False,False,True,False
479,6,1,0,55,64,70.0,True,False,False,False,False,True,False
480,4,1,0,76,71,67.0,False,True,False,False,False,False,True
481,2,1,1,73,71,68.0,False,True,False,True,False,False,False
482,4,0,0,52,59,56.0,True,False,False,False,False,True,False
483,3,0,0,68,68,61.0,False,True,False,False,True,False,False
484,2,1,0,59,52,46.0,False,True,True,False,False,False,False
485,4,1,0,49,52,54.0,True,False,False,True,False,False,False
486,2,1,0,70,74,71.0,False,True,False,False,True,False,False
487,3,0,0,61,47,56.0,False,True,False,False,False,True,False
488,4,0,0,60,75,74.0,True,False,False,False,True,False,False
489,1,1,1,64,53,57.0,False,True,False,True,False,False,False
490,4,0,1,79,82,82.0,False,True,True,False,False,False,False
491,4,0,0,65,85,76.0,True,False,True,False,False,False,False
492,4,1,0,64,64,70.0,True,False,False,False,True,False,False
493,3,1,0,83,83,90.0,True,False,False,False,True,False,False
494,5,1,0,81,88,90.0,True,False,False,False,True,False,False
495,2,1,0,54,64,68.0,True,False,False,True,False,False,False
496,2,1,1,68,64,66.0,False,True,False,False,False,True,False
497,3,1,0,54,48,52.0,True,False,False,False,True,False,False
498,3,0,1,59,78,76.0,True,False,False,False,False,True,False
499,1,1,0,66,69,68.0,True,False,False,True,False,False,False
500,3,1,0,76,71,72.0,False,True,False,False,False,False,True
501,6,1,0,74,79,82.0,True,False,False,False,False,True,False
502,4,1,1,94,87,92.0,True,False,False,True,False,False,False
503,3,0,0,63,61,54.0,False,True,False,False,True,False,False
504,4,1,1,95,89,92.0,True,False,False,False,False,False,True
505,6,0,0,40,59,54.0,True,False,False,False,False,True,False
506,1,1,0,82,82,80.0,True,False,False,True,False,False,False
507,2,1,0,68,70,66.0,False,True,True,False,False,False,False
508,5,0,0,55,59,54.0,False,True,False,True,False,False,False
509,6,1,0,79,78,77.0,False,True,False,False,True,False,False
510,5,1,0,86,92,87.0,True,False,False,False,True,False,False
511,3,1,0,76,71,73.0,False,True,False,False,False,True,False
512,1,1,0,64,50,43.0,False,True,True,False,False,False,False
513,1,0,0,62,49,52.0,False,True,False,False,False,True,False
514,1,1,1,54,61,62.0,True,False,False,True,False,False,False
515,6,0,1,77,97,94.0,True,False,False,True,False,False,False
516,1,1,1,76,87,85.0,True,False,False,False,True,False,False
517,3,1,0,74,89,84.0,True,False,False,False,False,True,False
518,3,1,1,66,74,73.0,True,False,False,False,False,False,True
519,1,1,1,66,78,78.0,True,False,False,False,False,True,False
520,2,0,1,67,78,79.0,True,False,False,True,False,False,False
521,3,1,0,71,49,52.0,False,True,False,False,False,True,False
522,4,1,0,91,86,84.0,True,False,False,False,True,False,False
523,5,1,0,69,58,57.0,False,True,False,False,False,True,False
524,6,0,0,54,59,50.0,False,True,False,False,True,False,False
525,2,1,1,53,52,49.0,False,True,False,False,True,False,False
526,3,1,0,68,60,59.0,False,True,False,False,False,False,True
527,1,0,1,56,61,60.0,False,True,False,False,True,False,False
528,2,0,0,36,53,43.0,True,False,False,False,True,False,False
529,5,0,0,29,41,47.0,True,False,False,False,False,True,False
530,4,1,0,62,74,70.0,True,False,False,False,True,False,False
531,4,1,1,68,67,73.0,True,False,False,False,True,False,False
532,1,1,0,47,54,53.0,True,False,False,False,True,False,False
533,4,1,1,62,61,58.0,False,True,False,False,False,False,True
534,4,1,1,79,88,94.0,True,False,False,False,False,False,True
535,2,1,1,73,69,68.0,False,True,False,True,False,False,False
536,5,0,1,66,83,83.0,True,False,False,False,True,False,False
537,4,1,1,51,60,58.0,False,True,False,False,True,False,False
538,2,1,0,51,66,62.0,True,False,False,False,False,True,False
539,5,1,1,85,66,71.0,False,True,False,False,False,False,True
540,4,1,1,97,92,86.0,False,True,True,False,False,False,False
541,2,1,1,75,69,68.0,False,True,False,False,True,False,False
542,4,0,1,79,82,80.0,False,True,False,False,False,True,False
543,4,1,0,81,77,79.0,True,False,False,False,True,False,False
544,4,1,0,82,95,89.0,True,False,False,False,False,True,False
545,6,1,0,64,63,66.0,True,False,False,False,False,True,False
546,1,0,1,78,83,80.0,False,True,False,False,False,False,True
547,1,1,1,92,100,97.0,True,False,True,False,False,False,False
548,2,1,1,72,67,64.0,False,True,False,False,True,False,False
549,2,0,0,62,67,64.0,True,False,False,False,True,False,False
550,6,1,0,79,72,69.0,False,True,False,False,True,False,False
551,1,0,0,79,76,65.0,False,True,False,False,True,False,False
552,5,0,1,87,90,88.0,False,True,False,True,False,False,False
553,4,1,0,40,48,50.0,True,False,False,True,False,False,False
554,3,0,0,77,62,64.0,False,True,False,False,False,True,False
555,4,1,0,53,45,40.0,False,True,False,False,False,False,True
556,3,0,0,32,39,33.0,True,False,False,False,True,False,False
557,4,1,1,55,72,79.0,True,False,False,False,True,False,False
558,6,0,0,61,67,66.0,False,True,False,False,True,False,False
559,4,0,0,53,70,70.0,True,False,False,True,False,False,False
560,1,1,0,73,66,62.0,False,True,False,False,False,True,False
561,3,1,1,74,75,79.0,True,False,False,False,False,True,False
562,3,1,0,63,74,74.0,True,False,False,False,True,False,False
563,5,1,1,96,90,92.0,False,True,False,False,True,False,False
564,3,0,1,63,80,80.0,True,False,False,False,False,True,False
565,5,0,0,48,51,46.0,False,True,False,True,False,False,False
566,4,1,0,48,43,45.0,False,True,False,True,False,False,False
567,5,0,1,92,100,100.0,True,False,False,False,False,False,True
568,6,0,1,61,71,78.0,True,False,False,False,False,True,False
569,2,0,0,63,48,47.0,False,True,False,True,False,False,False
570,5,0,0,68,68,67.0,False,True,False,False,False,True,False
571,3,1,1,71,75,70.0,False,True,False,True,False,False,False
572,5,1,0,91,96,92.0,False,True,True,False,False,False,False
573,3,1,0,53,62,56.0,True,False,False,False,True,False,False
574,2,0,1,50,66,64.0,True,False,False,False,True,False,False
575,2,1,0,74,81,71.0,True,False,False,False,False,False,True
576,4,0,1,40,55,53.0,False,True,True,False,False,False,False
577,3,1,1,61,51,52.0,False,True,True,False,False,False,False
578,2,1,0,81,91,89.0,True,False,False,True,False,False,False
579,3,0,1,48,56,58.0,True,False,False,True,False,False,False
580,6,1,0,53,61,68.0,True,False,False,False,False,True,False
581,1,1,0,81,97,96.0,True,False,False,False,False,True,False
582,1,1,0,77,79,80.0,True,False,False,False,False,False,True
583,5,0,0,63,73,78.0,True,False,False,False,False,True,False
584,4,1,1,73,75,80.0,True,False,False,False,False,True,False
585,3,1,0,69,77,77.0,True,False,False,False,False,True,False
586,4,1,0,65,76,76.0,True,False,False,False,True,False,False
587,2,1,0,55,73,73.0,True,False,True,False,False,False,False
588,5,0,0,44,63,62.0,True,False,False,False,True,False,False
589,3,1,0,54,64,65.0,True,False,False,False,True,False,False
590,1,1,0,48,66,65.0,True,False,True,False,False,False,False
591,3,0,0,58,57,54.0,False,True,False,False,True,False,False
592,1,1,0,71,62,50.0,False,True,True,False,False,False,False
593,5,1,0,68,68,64.0,False,True,False,False,False,False,True
594,2,1,0,74,76,73.0,True,False,False,False,False,False,True
595,5,1,1,92,100,99.0,True,False,False,False,True,False,False
596,5,1,1,56,79,72.0,True,False,False,False,True,False,False
597,2,0,0,30,24,15.0,False,True,False,True,False,False,False
598,1,1,0,53,54,48.0,False,True,True,False,False,False,False
599,2,1,0,69,77,73.0,True,False,False,False,False,True,False
600,1,1,0,65,82,81.0,True,False,False,False,False,True,False
601,6,1,0,54,60,63.0,True,False,False,False,False,True,False
602,2,1,0,29,29,30.0,True,False,False,False,True,False,False
603,3,1,0,76,78,80.0,True,False,False,False,False,False,True
604,2,0,0,60,57,51.0,False,True,False,False,False,True,False
605,6,0,1,84,89,90.0,False,True,False,False,False,True,False
606,1,1,0,75,72,62.0,False,True,False,False,True,False,False
607,4,1,0,85,84,82.0,True,False,False,False,True,False,False
608,6,0,0,40,58,54.0,True,False,False,False,True,False,False
609,3,1,0,61,64,62.0,True,False,False,False,False,False,True
610,4,1,0,58,63,65.0,True,False,False,True,False,False,False
611,3,0,1,69,60,63.0,False,True,False,False,False,True,False
612,3,1,0,58,59,66.0,True,False,False,False,True,False,False
613,5,1,1,94,90,91.0,False,True,False,False,True,False,False
614,4,1,0,65,77,74.0,True,False,False,False,True,False,False
615,4,1,0,82,93,93.0,True,False,True,False,False,False,False
616,2,1,0,60,68,72.0,True,False,False,False,True,False,False
617,5,1,0,37,45,38.0,True,False,False,False,False,False,True
618,5,1,0,88,78,83.0,False,True,False,False,False,True,False
619,6,1,0,95,81,84.0,False,True,False,False,False,True,False
620,4,0,1,65,73,68.0,False,True,False,False,True,False,False
621,2,0,0,35,61,54.0,True,False,False,False,True,False,False
622,5,0,0,62,63,56.0,False,True,False,True,False,False,False
623,2,0,1,58,51,52.0,False,True,False,False,True,False,False
624,3,1,1,100,96,86.0,False,True,True,False,False,False,False
625,5,0,0,61,58,62.0,True,False,False,False,False,False,True
626,3,1,1,100,97,99.0,False,True,False,False,False,True,False
627,4,0,1,69,70,63.0,False,True,False,True,False,False,False
628,4,1,0,61,48,46.0,False,True,False,False,False,True,False
629,3,0,0,49,57,46.0,False,True,False,False,False,True,False
630,1,1,1,44,51,55.0,True,False,False,False,True,False,False
631,3,1,0,67,64,70.0,False,True,False,False,False,True,False
632,2,1,0,79,60,65.0,False,True,False,True,False,False,False
633,5,1,1,66,74,81.0,True,False,False,True,False,False,False
634,2,1,0,75,88,85.0,True,False,False,False,True,False,False
635,1,1,0,84,84,80.0,False,True,False,False,False,True,False
636,2,1,0,71,74,64.0,False,True,True,False,False,False,False
637,2,0,1,67,80,81.0,True,False,False,True,False,False,False
638,1,1,1,80,92,88.0,True,False,False,False,False,True,False
639,3,1,0,86,76,74.0,False,True,False,False,False,False,True
640,4,1,0,76,74,73.0,True,False,False,False,False,True,False
641,2,1,0,41,52,51.0,False,True,False,False,False,True,False
642,4,0,1,74,88,90.0,True,False,False,False,False,True,False
643,1,0,0,72,81,79.0,True,False,False,True,False,False,False
644,2,1,1,74,79,80.0,True,False,False,False,False,False,True
645,2,1,0,70,65,60.0,False,True,False,True,False,False,False
646,5,1,1,65,81,81.0,True,False,False,True,False,False,False
647,4,1,0,59,70,65.0,True,False,False,False,False,True,False
648,2,0,0,64,62,68.0,True,False,False,False,False,False,True
649,2,1,0,50,53,55.0,True,False,False,True,False,False,False
650,3,1,1,69,79,81.0,True,False,False,False,False,True,False
651,1,0,1,51,56,53.0,False,True,False,False,True,False,False
652,2,1,1,68,80,76.0,True,False,True,False,False,False,False
653,3,1,1,85,86,98.0,True,False,False,False,False,True,False
654,4,1,1,65,70,74.0,True,False,True,False,False,False,False
655,1,1,0,73,79,79.0,True,False,False,True,False,False,False
656,3,1,0,62,67,67.0,True,False,False,True,False,False,False
657,4,0,0,77,67,64.0,False,True,False,False,True,False,False
658,1,1,0,69,66,61.0,False,True,False,False,False,True,False
659,4,0,0,43,60,58.0,True,False,False,False,False,True,False
660,4,1,0,90,87,85.0,False,True,False,False,False,True,False
661,3,0,0,74,77,73.0,False,True,False,False,True,False,False
662,1,1,0,73,66,63.0,False,True,False,False,True,False,False
663,3,0,0,55,71,69.0,True,False,False,False,False,True,False
664,2,1,0,65,69,67.0,True,False,False,False,True,False,False
665,4,1,0,80,63,63.0,False,True,False,False,False,True,False
666,1,0,1,50,60,60.0,True,False,False,False,True,False,False
667,3,0,1,63,73,71.0,True,False,False,False,True,False,False
668,5,0,0,77,85,87.0,True,False,False,True,False,False,False
669,3,1,0,73,74,61.0,False,True,False,False,True,False,False
670,4,1,1,81,72,77.0,False,True,False,False,False,True,False
671,2,0,0,66,76,68.0,True,False,False,False,True,False,False
672,4,0,0,52,57,50.0,False,True,False,False,False,True,False
674,3,1,0,69,78,76.0,True,False,False,False,True,False,False
675,4,1,1,65,84,84.0,True,False,False,False,True,False,False
676,2,1,1,69,77,78.0,True,False,False,False,False,True,False
677,3,1,1,50,64,66.0,True,False,False,True,False,False,False
678,3,1,1,73,78,76.0,True,False,False,False,False,False,True
679,1,1,1,70,82,76.0,True,False,False,False,True,False,False
680,4,0,0,81,75,78.0,False,True,False,False,False,True,False
681,3,0,0,63,61,60.0,False,True,False,False,False,True,False
682,2,1,0,67,72,74.0,True,False,False,False,False,True,False
683,2,1,0,60,68,60.0,False,True,False,True,False,False,False
684,2,1,0,62,55,54.0,False,True,False,True,False,False,False
685,1,0,1,29,40,44.0,True,False,False,False,True,False,False
686,3,1,1,62,66,68.0,False,True,False,True,False,False,False
687,6,1,1,94,99,100.0,True,False,False,False,False,False,True
688,3,1,1,85,75,68.0,False,True,False,False,False,False,True
689,4,0,0,77,78,73.0,False,True,False,False,False,True,False
690,2,0,0,53,58,44.0,False,True,True,False,False,False,False
691,3,0,0,93,90,83.0,False,True,False,False,False,False,True
692,4,1,0,49,53,53.0,True,False,False,False,True,False,False
693,4,0,0,73,76,78.0,True,False,False,False,False,False,True
694,5,0,1,66,74,81.0,True,False,False,False,True,False,False
695,4,1,0,77,77,73.0,True,False,False,False,False,True,False
696,1,1,0,49,63,56.0,True,False,False,False,True,False,False
697,3,0,0,79,89,86.0,True,False,False,False,False,True,False
698,4,1,1,75,82,90.0,True,False,False,False,True,False,False
699,5,1,0,59,72,70.0,True,False,True,False,False,False,False
700,4,1,1,57,78,79.0,True,False,False,False,False,True,False
701,2,0,0,66,66,59.0,False,True,False,False,True,False,False
702,5,1,1,79,81,82.0,True,False,False,False,False,False,True
703,1,1,0,57,67,72.0,True,False,False,True,False,False,False
704,5,1,1,87,84,87.0,False,True,True,False,False,False,False
705,3,1,0,63,64,67.0,True,False,False,False,False,True,False
706,1,0,1,59,63,64.0,True,False,False,True,False,False,False
707,5,0,0,62,72,65.0,False,True,True,False,False,False,False
708,2,1,0,46,34,36.0,False,True,False,False,False,True,False
709,3,1,0,66,59,52.0,False,True,False,False,True,False,False
710,2,1,0,89,87,79.0,False,True,False,False,False,True,False
711,4,0,1,42,61,58.0,True,False,False,False,False,True,False
712,3,1,1,93,84,90.0,False,True,False,False,True,False,False
713,1,1,1,80,85,85.0,True,False,False,False,False,False,True
714,3,1,0,98,100,99.0,True,False,False,False,False,True,False
715,6,1,0,81,81,84.0,False,True,False,False,False,True,False
716,1,1,1,60,70,74.0,True,False,False,True,False,False,False
717,4,0,1,76,94,87.0,True,False,False,True,False,False,False
718,4,1,1,73,78,72.0,False,True,False,False,True,False,False
719,4,1,1,96,96,99.0,True,False,False,False,True,False,False
720,2,1,0,76,76,74.0,True,False,False,False,True,False,False
721,4,0,1,91,73,80.0,False,True,False,False,False,False,True
722,3,0,0,62,72,70.0,True,False,False,False,True,False,False
723,1,0,1,55,59,59.0,False,True,False,False,False,True,False
724,1,0,1,74,90,88.0,True,False,False,True,False,False,False
725,2,1,0,50,48,42.0,False,True,False,False,True,False,False
726,3,1,0,47,43,41.0,False,True,False,True,False,False,False
727,3,1,1,81,74,71.0,False,True,False,False,False,False,True
728,4,1,1,65,75,77.0,True,False,False,False,False,False,True
729,1,1,1,68,51,57.0,False,True,False,False,False,False,True
730,2,0,0,73,92,84.0,True,False,False,False,False,True,False
731,3,1,0,53,39,37.0,False,True,False,False,True,False,False
732,4,0,1,68,77,80.0,True,False,False,True,False,False,False
733,1,0,0,55,46,43.0,False,True,True,False,False,False,False
734,3,1,1,87,89,94.0,True,False,False,False,True,False,False
735,1,1,0,55,47,44.0,False,True,False,False,False,True,False
736,3,0,0,53,58,57.0,True,False,False,False,False,False,True
737,6,1,0,67,57,59.0,False,True,False,False,True,False,False
738,4,1,0,92,79,84.0,False,True,False,False,True,False,False
739,3,0,1,53,66,73.0,True,False,False,True,False,False,False
740,4,1,0,81,71,73.0,False,True,False,False,False,True,False
741,2,0,0,61,60,55.0,False,True,False,False,True,False,False
742,5,1,0,80,73,72.0,False,True,False,False,False,True,False
743,4,0,0,37,57,56.0,True,False,True,False,False,False,False
744,2,1,0,81,84,82.0,True,False,False,False,True,False,False
745,4,1,1,59,73,72.0,True,False,False,False,True,False,False
746,3,0,0,55,55,47.0,False,True,False,True,False,False,False
747,4,1,0,72,79,74.0,False,True,False,False,False,True,False
748,2,1,0,69,75,71.0,False,True,False,False,False,True,False
749,3,1,0,69,64,68.0,False,True,False,False,True,False,False
750,5,0,0,50,60,59.0,True,False,False,False,True,False,False
751,3,1,1,87,84,86.0,False,True,False,True,False,False,False
752,1,1,1,71,69,68.0,False,True,False,False,False,True,False
753,3,1,0,68,72,65.0,False,True,False,False,False,False,True
754,6,0,1,79,77,75.0,False,True,False,False,True,False,False
755,1,1,1,77,90,85.0,True,False,False,False,True,False,False
756,4,0,0,58,55,53.0,False,True,False,False,True,False,False
757,4,1,0,84,95,92.0,True,False,False,False,False,False,True
758,3,1,0,55,58,52.0,False,True,False,False,False,True,False
759,5,0,1,70,68,72.0,False,True,False,False,False,False,True
760,3,0,1,52,59,65.0,True,False,False,False,False,True,False
761,3,1,1,69,77,77.0,False,True,False,True,False,False,False
762,2,0,0,53,72,64.0,True,False,False,False,True,False,False
763,1,1,0,48,58,54.0,True,False,False,False,False,True,False
764,1,1,1,78,81,86.0,False,True,False,False,False,True,False
765,2,1,0,62,62,63.0,True,False,False,True,False,False,False
766,3,1,0,60,63,59.0,False,True,False,False,False,True,False
767,2,1,0,74,72,72.0,True,False,False,True,False,False,False
768,2,1,1,58,75,77.0,True,False,False,False,True,False,False
769,2,1,1,76,62,60.0,False,True,False,True,False,False,False
770,1,1,0,68,71,75.0,True,False,False,False,False,True,False
771,3,0,0,58,60,57.0,False,True,True,False,False,False,False
772,2,1,0,52,48,49.0,False,True,False,True,False,False,False
773,5,1,0,75,73,74.0,False,True,False,False,False,True,False
774,1,0,1,52,67,72.0,True,False,False,True,False,False,False
775,5,0,0,62,78,79.0,True,False,False,False,True,False,False
776,3,1,0,66,65,60.0,False,True,False,True,False,False,False
777,1,0,0,49,58,55.0,True,False,False,True,False,False,False
778,2,1,0,66,72,70.0,True,False,False,True,False,False,False
779,3,0,0,35,44,43.0,True,False,False,False,True,False,False
780,3,1,1,72,79,82.0,True,False,True,False,False,False,False
781,4,1,1,94,85,82.0,False,True,False,False,False,False,True
782,4,0,0,46,56,57.0,True,False,False,False,False,True,False
783,6,1,0,77,90,84.0,True,False,False,True,False,False,False
784,2,0,1,76,85,82.0,True,False,False,True,False,False,False
785,4,1,1,52,59,62.0,True,False,False,False,True,False,False
786,5,1,1,91,81,79.0,False,True,False,False,True,False,False
787,1,1,1,32,51,44.0,True,False,False,True,False,False,False
788,1,0,0,72,79,77.0,True,False,False,False,False,False,True
789,3,1,0,19,38,32.0,True,False,False,True,False,False,False
790,4,0,0,68,65,61.0,False,True,False,False,True,False,False
791,6,0,0,52,65,61.0,True,False,False,False,True,False,False
792,2,1,0,48,62,60.0,True,False,False,True,False,False,False
793,3,0,0,60,66,70.0,True,False,False,False,False,True,False
794,2,0,0,66,74,69.0,False,True,False,False,False,True,False
795,1,1,1,89,84,77.0,False,True,False,False,False,False,True
796,2,1,0,42,52,51.0,True,False,False,True,False,False,False
797,4,0,1,57,68,73.0,True,False,False,False,False,False,True
798,2,1,0,70,70,70.0,False,True,False,False,False,True,False
799,4,0,0,70,84,81.0,True,False,False,False,False,False,True
800,3,1,0,69,60,54.0,False,True,False,False,False,False,True
801,4,1,0,52,55,57.0,True,False,False,False,True,False,False
802,1,1,1,67,73,68.0,False,True,False,False,True,False,False
803,1,1,1,76,80,73.0,False,True,False,False,True,False,False
804,4,1,0,87,94,95.0,True,False,False,False,False,False,True
805,3,1,0,82,85,87.0,True,False,False,True,False,False,False
806,3,1,0,73,76,78.0,True,False,False,False,True,False,False
807,3,0,0,75,81,74.0,False,True,True,False,False,False,False
808,3,0,0,64,74,75.0,True,False,False,False,False,True,False
809,2,0,0,41,45,40.0,True,False,False,False,False,False,True
810,2,1,0,90,75,69.0,False,True,False,False,True,False,False
811,5,1,0,59,54,51.0,False,True,False,True,False,False,False
812,1,1,0,51,31,36.0,False,True,True,False,False,False,False
813,2,0,0,45,47,49.0,False,True,True,False,False,False,False
814,6,1,1,54,64,67.0,True,False,False,False,True,False,False
815,1,1,1,87,84,76.0,False,True,False,False,False,False,True
816,2,1,0,72,80,83.0,True,False,False,False,True,False,False
817,1,1,1,94,86,87.0,False,True,False,True,False,False,False
818,5,1,0,45,59,64.0,True,False,True,False,False,False,False
819,5,0,1,61,70,76.0,False,True,False,False,False,True,False
820,2,0,0,60,72,68.0,True,False,False,True,False,False,False
821,1,1,0,77,91,88.0,True,False,False,False,True,False,False
822,1,1,1,85,90,92.0,True,False,True,False,False,False,False
823,5,0,0,78,90,93.0,True,False,False,False,False,True,False
824,3,0,1,49,52,51.0,False,True,False,False,False,False,True
825,2,0,0,71,87,82.0,True,False,False,True,False,False,False
826,1,0,0,48,58,52.0,True,False,False,False,True,False,False
827,2,1,0,62,67,58.0,False,True,False,False,True,False,False
828,4,0,1,56,68,70.0,True,False,False,False,True,False,False
829,1,1,0,65,69,76.0,True,False,False,False,True,False,False
830,1,0,1,69,86,81.0,True,False,False,False,False,True,False
831,1,1,0,68,54,53.0,False,True,False,True,False,False,False
832,3,0,0,61,60,57.0,True,False,True,False,False,False,False
833,5,0,1,74,86,89.0,True,False,False,False,True,False,False
834,5,1,0,64,60,58.0,False,True,True,False,False,False,False
835,2,1,1,77,82,89.0,True,False,False,True,False,False,False
836,3,1,0,58,50,45.0,False,True,False,True,False,False,False
837,2,1,1,60,64,74.0,True,False,False,False,True,False,False
838,2,1,0,73,64,57.0,False,True,False,False,False,False,True
839,2,1,1,75,82,79.0,True,False,True,False,False,False,False
840,4,0,1,58,57,53.0,False,True,False,True,False,False,False
841,4,1,0,66,77,73.0,True,False,False,False,True,False,False
843,2,0,0,39,52,46.0,True,False,False,False,False,True,False
844,1,1,0,64,58,51.0,False,True,False,False,True,False,False
845,2,0,1,23,44,36.0,True,False,False,True,False,False,False
846,3,0,1,74,77,76.0,False,True,False,True,False,False,False
847,1,0,1,40,65,64.0,True,False,False,False,False,True,False
848,6,1,0,90,85,84.0,False,True,False,False,False,False,True
849,6,1,1,91,85,85.0,False,True,False,False,True,False,False
850,2,1,0,64,54,50.0,False,True,False,False,False,True,False
851,2,1,0,59,72,68.0,True,False,False,False,True,False,False
852,4,1,0,80,75,69.0,False,True,False,False,False,True,False
853,6,1,0,71,67,67.0,False,True,False,False,True,False,False
854,2,1,0,61,68,63.0,True,False,True,False,False,False,False
855,3,1,0,87,85,93.0,True,False,False,False,False,False,True
856,1,1,0,82,67,61.0,False,True,False,False,False,False,True
857,1,1,0,62,64,55.0,False,True,False,False,True,False,False
858,5,1,0,97,97,96.0,True,False,False,True,False,False,False
859,3,0,0,75,68,65.0,False,True,False,True,False,False,False
860,5,1,0,65,79,81.0,True,False,False,False,True,False,False
861,2,1,1,52,49,46.0,False,True,False,True,False,False,False
862,4,0,0,87,73,72.0,False,True,False,False,True,False,False
863,4,1,0,53,62,53.0,True,False,False,False,True,False,False
864,6,0,0,81,86,87.0,True,False,False,False,False,False,True
865,5,0,1,39,42,38.0,False,True,False,False,False,True,False
866,3,1,1,71,71,80.0,True,False,False,False,True,False,False
867,4,1,0,97,93,91.0,False,True,False,False,True,False,False
868,3,1,1,82,82,88.0,False,True,False,False,False,True,False
869,2,0,0,59,53,52.0,False,True,False,False,True,False,False
870,4,1,0,61,42,41.0,False,True,False,True,False,False,False
871,4,0,1,78,74,72.0,False,True,False,False,False,False,True
872,4,0,0,49,51,51.0,False,True,False,False,True,False,False
873,2,1,0,59,58,47.0,False,True,False,True,False,False,False
874,3,1,1,70,72,76.0,True,False,False,False,True,False,False
875,4,1,1,82,84,78.0,False,True,False,True,False,False,False
876,4,0,0,90,90,82.0,False,True,False,False,False,False,True
877,5,0,0,43,62,61.0,True,False,False,False,True,False,False
878,3,0,0,80,64,66.0,False,True,False,False,True,False,False
879,3,1,0,81,82,84.0,False,True,False,False,False,True,False
880,1,1,0,57,61,54.0,False,True,False,False,True,False,False
881,1,1,0,59,72,80.0,True,False,False,False,False,True,False
882,4,1,0,64,76,74.0,True,False,False,False,False,True,False
883,5,1,1,63,64,66.0,False,True,False,False,True,False,False
884,5,1,1,71,70,70.0,True,False,False,False,False,False,True
885,2,0,0,64,73,71.0,True,False,False,True,False,False,False
886,5,0,0,55,46,44.0,False,True,False,False,False,True,False
887,4,1,0,51,51,54.0,True,False,False,False,False,False,True
888,4,1,1,62,76,80.0,True,False,False,False,True,False,False
889,4,1,1,93,100,95.0,True,False,False,False,False,False,True
890,2,0,0,54,72,59.0,False,True,False,False,True,False,False
891,3,0,0,69,65,74.0,True,False,False,False,False,True,False
892,2,0,0,44,51,48.0,False,True,False,False,False,True,False
893,3,1,1,86,85,91.0,True,False,False,False,False,False,True
894,4,1,0,85,92,85.0,True,False,False,False,False,False,True
895,6,0,0,50,67,73.0,True,False,True,False,False,False,False
896,1,1,1,88,74,75.0,False,True,False,False,False,True,False
897,4,1,0,59,62,69.0,True,False,False,False,False,False,True
898,1,0,0,32,34,38.0,True,False,False,False,False,False,True
899,2,0,0,36,29,27.0,False,True,False,True,False,False,False
900,1,0,1,63,78,79.0,True,False,False,True,False,False,False
901,4,1,1,67,54,63.0,False,True,False,False,False,True,False
902,1,1,1,65,78,82.0,True,False,False,False,False,True,False
903,6,1,0,85,84,89.0,False,True,False,False,False,True,False
904,6,1,0,73,78,74.0,True,False,False,False,True,False,False
905,2,0,1,34,48,41.0,True,False,True,False,False,False,False
906,5,0,1,93,100,100.0,True,False,False,False,False,True,False
907,1,0,0,67,84,84.0,True,False,False,False,False,True,False
908,3,1,0,88,77,77.0,False,True,False,False,False,True,False
909,2,1,0,57,48,51.0,False,True,False,True,False,False,False
910,3,1,1,79,84,91.0,True,False,False,False,False,True,False
911,5,0,0,67,75,72.0,True,False,False,False,True,False,False
912,5,1,1,70,64,70.0,False,True,False,False,False,False,True
913,5,0,0,50,42,48.0,False,True,False,False,False,True,False
914,3,1,0,69,84,82.0,True,False,True,False,False,False,False
915,5,1,1,52,61,66.0,True,False,False,False,True,False,False
916,5,0,1,47,62,66.0,True,False,False,False,True,False,False
917,4,0,0,46,61,55.0,True,False,False,True,False,False,False
918,3,1,0,68,70,66.0,True,False,False,False,False,False,True
919,5,1,1,100,100,100.0,False,True,False,False,False,False,True
920,2,1,0,44,61,52.0,True,False,False,False,True,False,False
921,4,1,1,57,77,80.0,True,False,False,False,True,False,False
922,3,1,1,91,96,91.0,False,True,False,True,False,False,False
923,2,0,0,69,70,67.0,False,True,False,False,False,True,False
924,2,0,0,35,53,46.0,True,False,False,False,True,False,False
925,2,1,0,72,66,66.0,False,True,False,False,False,True,False
926,4,0,0,54,65,65.0,True,False,False,True,False,False,False
927,2,0,0,74,70,69.0,False,True,False,False,False,True,False
928,1,1,1,74,64,60.0,False,True,False,False,False,False,True
929,4,0,0,64,56,52.0,False,True,False,False,False,False,True
930,2,0,1,65,61,71.0,True,False,False,False,False,True,False
931,4,0,1,46,43,44.0,False,True,False,False,False,False,True
932,1,0,0,48,56,51.0,True,False,False,False,True,False,False
933,3,0,1,67,74,70.0,False,True,False,False,True,False,False
934,3,0,0,62,57,62.0,False,True,False,False,False,True,False
935,4,0,1,61,71,73.0,False,True,False,False,False,True,False
936,5,0,1,70,75,74.0,False,True,False,False,True,False,False
937,4,1,1,98,87,90.0,False,True,False,False,True,False,False
938,3,0,0,70,63,58.0,False,True,False,False,False,True,False
939,4,1,0,67,57,53.0,False,True,True,False,False,False,False
940,2,0,0,57,58,57.0,True,False,False,False,False,False,True
941,3,1,1,85,81,85.0,False,True,False,False,False,True,False
942,1,1,1,77,68,69.0,False,True,False,False,False,True,False
943,6,0,1,72,66,72.0,False,True,False,False,True,False,False
944,6,1,0,78,91,96.0,True,False,False,False,False,True,False
945,2,1,0,81,66,64.0,False,True,False,False,True,False,False
946,1,0,1,61,62,61.0,False,True,True,False,False,False,False
947,2,1,0,58,68,61.0,True,False,False,True,False,False,False
948,4,1,0,54,61,58.0,True,False,False,False,True,False,False
949,2,1,0,82,82,80.0,False,True,False,True,False,False,False
950,3,0,0,49,58,60.0,True,False,False,False,False,True,False
951,1,0,1,49,50,52.0,False,True,False,True,False,False,False
952,2,0,1,57,75,73.0,True,False,False,False,False,False,True
953,2,1,0,94,73,71.0,False,True,False,False,False,False,True
954,3,1,1,75,77,83.0,True,False,False,False,False,True,False
955,1,0,0,74,74,72.0,True,False,False,False,False,False,True
956,2,1,1,58,52,54.0,False,True,False,False,True,False,False
957,3,1,0,62,69,69.0,True,False,False,False,True,False,False
958,4,1,0,72,57,62.0,False,True,False,False,False,False,True
959,3,1,0,84,87,81.0,False,True,False,False,True,False,False
960,6,1,0,92,100,100.0,True,False,False,False,False,True,False
961,2,1,0,45,63,59.0,True,False,False,False,False,True,False
962,2,1,0,75,81,71.0,False,True,False,False,True,False,False
963,3,1,0,56,58,64.0,True,False,True,False,False,False,False
964,1,0,0,48,54,53.0,True,False,False,False,False,True,False
965,4,1,0,100,100,100.0,True,False,False,False,False,False,True
966,1,0,1,65,76,75.0,True,False,False,False,True,False,False
967,3,1,0,72,57,58.0,False,True,False,False,False,True,False
968,3,1,0,62,70,72.0,True,False,False,False,False,True,False
969,1,1,1,66,68,64.0,False,True,True,False,False,False,False
970,3,1,0,63,63,60.0,False,True,False,False,True,False,False
971,4,1,0,68,76,67.0,True,False,False,False,False,False,True
972,5,1,0,75,84,80.0,True,False,False,True,False,False,False
973,5,1,0,89,100,100.0,True,False,False,False,False,True,False
974,1,1,1,78,72,69.0,False,True,False,False,True,False,False
975,2,0,1,53,50,60.0,True,False,True,False,False,False,False
976,3,0,0,49,65,61.0,True,False,False,False,False,True,False
977,3,1,0,54,63,67.0,True,False,True,False,False,False,False
978,3,1,1,64,82,77.0,True,False,False,False,True,False,False
979,3,0,1,60,62,60.0,False,True,False,True,False,False,False
980,4,1,0,62,65,58.0,False,True,False,False,True,False,False
981,2,1,1,55,41,48.0,False,True,False,False,False,True,False
982,4,1,0,91,95,94.0,True,False,False,False,True,False,False
983,2,0,0,8,24,23.0,True,False,False,True,False,False,False
984,1,1,0,81,78,78.0,False,True,False,False,False,True,False
985,1,1,1,79,85,86.0,False,True,False,True,False,False,False
986,3,1,1,78,87,91.0,True,False,True,False,False,False,False
987,1,1,0,74,75,82.0,True,False,False,False,True,False,False
988,2,1,0,57,51,54.0,False,True,True,False,False,False,False
989,4,1,0,40,59,51.0,True,False,False,False,True,False,False
990,1,1,1,81,75,76.0,False,True,False,False,False,False,True
991,1,0,0,44,45,45.0,True,False,True,False,False,False,False
992,3,0,1,67,86,83.0,True,False,False,False,False,True,False
993,2,0,1,86,81,75.0,False,True,False,False,False,False,True
994,1,1,1,65,82,78.0,True,False,False,True,False,False,False
995,4,0,0,55,76,76.0,True,False,False,False,False,True,False
996,5,0,0,62,72,74.0,True,False,False,False,False,True,False
997,2,1,0,63,63,62.0,False,True,True,False,False,False,False
998,6,1,1,88,99,95.0,True,False,False,False,False,False,True
999,2,0,0,62,55,55.0,False,True,False,False,True,False,False
1000,2,0,1,59,71,65.0,True,False,False,False,True,False,False
1001,3,1,1,68,78,77.0,True,False,False,False,False,True,False
1002,3,0,0,77,86,86.0,True,False,False,False,False,True,False
1003,2,1,0,67,76,69.0,False,True,False,True,False,False,False
